{
    "name": "All Requests",
    "numberOfRequests": {
        "total": 1168782,
        "ok": 1079847,
        "ko": 88935
    },
    "minResponseTime": {
        "total": 0,
        "ok": 1,
        "ko": 0
    },
    "maxResponseTime": {
        "total": 17158,
        "ok": 17158,
        "ko": 16167
    },
    "meanResponseTime": {
        "total": 3721,
        "ok": 3855,
        "ko": 2092
    },
    "standardDeviation": {
        "total": 4048,
        "ok": 4059,
        "ko": 3535
    },
    "percentiles1": {
        "total": 1772,
        "ok": 2228,
        "ko": 5
    },
    "percentiles2": {
        "total": 7352,
        "ok": 7476,
        "ko": 3203
    },
    "percentiles3": {
        "total": 10406,
        "ok": 10494,
        "ko": 9639
    },
    "percentiles4": {
        "total": 14101,
        "ok": 14162,
        "ko": 12909
    },
    "group1": {
    "name": "t < 800 ms",
    "htmlName": "t < 800 ms",
    "count": 438792,
    "percentage": 38
},
    "group2": {
    "name": "800 ms <= t < 1200 ms",
    "htmlName": "t ≥ 800 ms <br> t < 1200 ms",
    "count": 54729,
    "percentage": 5
},
    "group3": {
    "name": "t ≥ 1200 ms",
    "htmlName": "t ≥ 1200 ms",
    "count": 586326,
    "percentage": 50
},
    "group4": {
    "name": "failed",
    "htmlName": "failed",
    "count": 88935,
    "percentage": 8
},
    "meanNumberOfRequestsPerSecond": {
        "total": 1091.2997198879552,
        "ok": 1008.2605042016806,
        "ko": 83.03921568627452
    }
}