{
    "name": "All Requests",
    "numberOfRequests": {
        "total": 768017,
        "ok": 654382,
        "ko": 113635
    },
    "minResponseTime": {
        "total": 0,
        "ok": 1,
        "ko": 0
    },
    "maxResponseTime": {
        "total": 21016,
        "ok": 21016,
        "ko": 20948
    },
    "meanResponseTime": {
        "total": 10682,
        "ok": 11994,
        "ko": 3123
    },
    "standardDeviation": {
        "total": 5429,
        "ok": 4167,
        "ko": 5670
    },
    "percentiles1": {
        "total": 13034,
        "ok": 13270,
        "ko": 0
    },
    "percentiles2": {
        "total": 13779,
        "ok": 13851,
        "ko": 568
    },
    "percentiles3": {
        "total": 16426,
        "ok": 16787,
        "ko": 14078
    },
    "percentiles4": {
        "total": 19513,
        "ok": 19706,
        "ko": 17232
    },
    "group1": {
    "name": "t < 800 ms",
    "htmlName": "t < 800 ms",
    "count": 22108,
    "percentage": 3
},
    "group2": {
    "name": "800 ms <= t < 1200 ms",
    "htmlName": "t ≥ 800 ms <br> t < 1200 ms",
    "count": 5326,
    "percentage": 1
},
    "group3": {
    "name": "t ≥ 1200 ms",
    "htmlName": "t ≥ 1200 ms",
    "count": 626948,
    "percentage": 82
},
    "group4": {
    "name": "failed",
    "htmlName": "failed",
    "count": 113635,
    "percentage": 15
},
    "meanNumberOfRequestsPerSecond": {
        "total": 697.5631244323342,
        "ok": 594.3524069028156,
        "ko": 103.21071752951862
    }
}