{
    "name": "All Requests",
    "numberOfRequests": {
        "total": 523534,
        "ok": 395079,
        "ko": 128455
    },
    "minResponseTime": {
        "total": 0,
        "ok": 1,
        "ko": 0
    },
    "maxResponseTime": {
        "total": 44925,
        "ok": 44925,
        "ko": 44694
    },
    "meanResponseTime": {
        "total": 18485,
        "ok": 23382,
        "ko": 3425
    },
    "standardDeviation": {
        "total": 12016,
        "ok": 8202,
        "ko": 9002
    },
    "percentiles1": {
        "total": 22244,
        "ok": 23496,
        "ko": 0
    },
    "percentiles2": {
        "total": 25396,
        "ok": 27051,
        "ko": 1
    },
    "percentiles3": {
        "total": 35777,
        "ok": 37152,
        "ko": 25739
    },
    "percentiles4": {
        "total": 42880,
        "ok": 43262,
        "ko": 35965
    },
    "group1": {
    "name": "t < 800 ms",
    "htmlName": "t < 800 ms",
    "count": 7337,
    "percentage": 1
},
    "group2": {
    "name": "800 ms <= t < 1200 ms",
    "htmlName": "t ≥ 800 ms <br> t < 1200 ms",
    "count": 936,
    "percentage": 0
},
    "group3": {
    "name": "t ≥ 1200 ms",
    "htmlName": "t ≥ 1200 ms",
    "count": 386806,
    "percentage": 74
},
    "group4": {
    "name": "failed",
    "htmlName": "failed",
    "count": 128455,
    "percentage": 25
},
    "meanNumberOfRequestsPerSecond": {
        "total": 448.23116438356163,
        "ok": 338.2525684931507,
        "ko": 109.97859589041096
    }
}