{
    "name": "All Requests",
    "numberOfRequests": {
        "total": 473991,
        "ok": 343384,
        "ko": 130607
    },
    "minResponseTime": {
        "total": 0,
        "ok": 1,
        "ko": 0
    },
    "maxResponseTime": {
        "total": 62138,
        "ok": 59974,
        "ko": 62138
    },
    "meanResponseTime": {
        "total": 13708,
        "ok": 17456,
        "ko": 3853
    },
    "standardDeviation": {
        "total": 10589,
        "ok": 9064,
        "ko": 7544
    },
    "percentiles1": {
        "total": 15070,
        "ok": 16746,
        "ko": 2003
    },
    "percentiles2": {
        "total": 19145,
        "ok": 20524,
        "ko": 2005
    },
    "percentiles3": {
        "total": 33060,
        "ok": 35505,
        "ko": 19408
    },
    "percentiles4": {
        "total": 45807,
        "ok": 46180,
        "ko": 37745
    },
    "group1": {
    "name": "t < 800 ms",
    "htmlName": "t < 800 ms",
    "count": 8327,
    "percentage": 2
},
    "group2": {
    "name": "800 ms <= t < 1200 ms",
    "htmlName": "t ≥ 800 ms <br> t < 1200 ms",
    "count": 1655,
    "percentage": 0
},
    "group3": {
    "name": "t ≥ 1200 ms",
    "htmlName": "t ≥ 1200 ms",
    "count": 333402,
    "percentage": 70
},
    "group4": {
    "name": "failed",
    "htmlName": "failed",
    "count": 130607,
    "percentage": 28
},
    "meanNumberOfRequestsPerSecond": {
        "total": 428.5632911392405,
        "ok": 310.4737793851718,
        "ko": 118.08951175406871
    }
}