{
    "name": "All Requests",
    "numberOfRequests": {
        "total": 828711,
        "ok": 718773,
        "ko": 109938
    },
    "minResponseTime": {
        "total": 0,
        "ok": 1,
        "ko": 0
    },
    "maxResponseTime": {
        "total": 17001,
        "ok": 17001,
        "ko": 16701
    },
    "meanResponseTime": {
        "total": 9706,
        "ok": 10710,
        "ko": 3139
    },
    "standardDeviation": {
        "total": 4378,
        "ok": 3224,
        "ko": 5172
    },
    "percentiles1": {
        "total": 11620,
        "ok": 11745,
        "ko": 0
    },
    "percentiles2": {
        "total": 12306,
        "ok": 12366,
        "ko": 7957
    },
    "percentiles3": {
        "total": 13686,
        "ok": 13743,
        "ko": 12543
    },
    "percentiles4": {
        "total": 15774,
        "ok": 15809,
        "ko": 14037
    },
    "group1": {
    "name": "t < 800 ms",
    "htmlName": "t < 800 ms",
    "count": 16111,
    "percentage": 2
},
    "group2": {
    "name": "800 ms <= t < 1200 ms",
    "htmlName": "t ≥ 800 ms <br> t < 1200 ms",
    "count": 903,
    "percentage": 0
},
    "group3": {
    "name": "t ≥ 1200 ms",
    "htmlName": "t ≥ 1200 ms",
    "count": 701759,
    "percentage": 85
},
    "group4": {
    "name": "failed",
    "htmlName": "failed",
    "count": 109938,
    "percentage": 13
},
    "meanNumberOfRequestsPerSecond": {
        "total": 755.4339106654512,
        "ok": 655.2169553327257,
        "ko": 100.21695533272562
    }
}