{
    "name": "All Requests",
    "numberOfRequests": {
        "total": 661502,
        "ok": 541142,
        "ko": 120360
    },
    "minResponseTime": {
        "total": 0,
        "ok": 1,
        "ko": 0
    },
    "maxResponseTime": {
        "total": 25433,
        "ok": 25433,
        "ko": 25323
    },
    "meanResponseTime": {
        "total": 13305,
        "ok": 15551,
        "ko": 3207
    },
    "standardDeviation": {
        "total": 6797,
        "ok": 4341,
        "ko": 6676
    },
    "percentiles1": {
        "total": 15997,
        "ok": 16243,
        "ko": 0
    },
    "percentiles2": {
        "total": 16970,
        "ok": 17260,
        "ko": 1
    },
    "percentiles3": {
        "total": 20170,
        "ok": 20465,
        "ko": 17617
    },
    "percentiles4": {
        "total": 24458,
        "ok": 24539,
        "ko": 22804
    },
    "group1": {
    "name": "t < 800 ms",
    "htmlName": "t < 800 ms",
    "count": 9543,
    "percentage": 1
},
    "group2": {
    "name": "800 ms <= t < 1200 ms",
    "htmlName": "t ≥ 800 ms <br> t < 1200 ms",
    "count": 1025,
    "percentage": 0
},
    "group3": {
    "name": "t ≥ 1200 ms",
    "htmlName": "t ≥ 1200 ms",
    "count": 530574,
    "percentage": 80
},
    "group4": {
    "name": "failed",
    "htmlName": "failed",
    "count": 120360,
    "percentage": 18
},
    "meanNumberOfRequestsPerSecond": {
        "total": 593.27533632287,
        "ok": 485.3291479820628,
        "ko": 107.94618834080717
    }
}