{
    "name": "All Requests",
    "numberOfRequests": {
        "total": 826311,
        "ok": 716252,
        "ko": 110059
    },
    "minResponseTime": {
        "total": 0,
        "ok": 1,
        "ko": 0
    },
    "maxResponseTime": {
        "total": 21107,
        "ok": 21107,
        "ko": 20739
    },
    "meanResponseTime": {
        "total": 9621,
        "ok": 10625,
        "ko": 3090
    },
    "standardDeviation": {
        "total": 4726,
        "ok": 3744,
        "ko": 5216
    },
    "percentiles1": {
        "total": 11499,
        "ok": 11664,
        "ko": 0
    },
    "percentiles2": {
        "total": 12404,
        "ok": 12490,
        "ko": 6241
    },
    "percentiles3": {
        "total": 14111,
        "ok": 14353,
        "ko": 12746
    },
    "percentiles4": {
        "total": 19619,
        "ok": 19656,
        "ko": 15065
    },
    "group1": {
    "name": "t < 800 ms",
    "htmlName": "t < 800 ms",
    "count": 22227,
    "percentage": 3
},
    "group2": {
    "name": "800 ms <= t < 1200 ms",
    "htmlName": "t ≥ 800 ms <br> t < 1200 ms",
    "count": 3030,
    "percentage": 0
},
    "group3": {
    "name": "t ≥ 1200 ms",
    "htmlName": "t ≥ 1200 ms",
    "count": 690995,
    "percentage": 84
},
    "group4": {
    "name": "failed",
    "htmlName": "failed",
    "count": 110059,
    "percentage": 13
},
    "meanNumberOfRequestsPerSecond": {
        "total": 753.9333941605839,
        "ok": 653.514598540146,
        "ko": 100.41879562043796
    }
}