{
    "name": "All Requests",
    "numberOfRequests": {
        "total": 683907,
        "ok": 565186,
        "ko": 118721
    },
    "minResponseTime": {
        "total": 0,
        "ok": 2,
        "ko": 0
    },
    "maxResponseTime": {
        "total": 22813,
        "ok": 22813,
        "ko": 22429
    },
    "meanResponseTime": {
        "total": 12701,
        "ok": 14696,
        "ko": 3207
    },
    "standardDeviation": {
        "total": 6384,
        "ok": 4231,
        "ko": 6361
    },
    "percentiles1": {
        "total": 15157,
        "ok": 15559,
        "ko": 0
    },
    "percentiles2": {
        "total": 16696,
        "ok": 17035,
        "ko": 1
    },
    "percentiles3": {
        "total": 19540,
        "ok": 19869,
        "ko": 17188
    },
    "percentiles4": {
        "total": 21426,
        "ok": 21523,
        "ko": 20022
    },
    "group1": {
    "name": "t < 300 ms",
    "htmlName": "t < 300 ms",
    "count": 3191,
    "percentage": 0
},
    "group2": {
    "name": "300 ms <= t < 3000 ms",
    "htmlName": "t >= 300 ms <br> t < 3000 ms",
    "count": 16479,
    "percentage": 2
},
    "group3": {
    "name": "t >= 3000 ms",
    "htmlName": "t >= 3000 ms",
    "count": 545516,
    "percentage": 80
},
    "group4": {
    "name": "failed",
    "htmlName": "failed",
    "count": 118721,
    "percentage": 17
},
    "meanNumberOfRequestsPerSecond": {
        "total": 616.1324324324324,
        "ok": 509.17657657657657,
        "ko": 106.95585585585586
    }
}