{
    "name": "All Requests",
    "numberOfRequests": {
        "total": 430673,
        "ok": 289692,
        "ko": 140981
    },
    "minResponseTime": {
        "total": 0,
        "ok": 3,
        "ko": 0
    },
    "maxResponseTime": {
        "total": 60224,
        "ok": 58903,
        "ko": 60224
    },
    "meanResponseTime": {
        "total": 21877,
        "ok": 28467,
        "ko": 8336
    },
    "standardDeviation": {
        "total": 17689,
        "ok": 12491,
        "ko": 19045
    },
    "percentiles1": {
        "total": 24498,
        "ok": 27822,
        "ko": 0
    },
    "percentiles2": {
        "total": 35342,
        "ok": 36698,
        "ko": 1
    },
    "percentiles3": {
        "total": 50977,
        "ok": 50044,
        "ko": 60001
    },
    "percentiles4": {
        "total": 60001,
        "ok": 51777,
        "ko": 60003
    },
    "group1": {
    "name": "t < 800 ms",
    "count": 7295,
    "percentage": 2
},
    "group2": {
    "name": "t ≥ 800 ms <br> t < 1200 ms",
    "count": 605,
    "percentage": 0
},
    "group3": {
    "name": "t ≥ 1200 ms",
    "count": 281792,
    "percentage": 65
},
    "group4": {
    "name": "failed",
    "count": 140981,
    "percentage": 33
},
    "meanNumberOfRequestsPerSecond": {
        "total": 381.12654867256634,
        "ok": 256.36460176991153,
        "ko": 124.76194690265487
    }
}