{
    "name": "All Requests",
    "numberOfRequests": {
        "total": 604610,
        "ok": 481218,
        "ko": 123392
    },
    "minResponseTime": {
        "total": 0,
        "ok": 4,
        "ko": 0
    },
    "maxResponseTime": {
        "total": 35382,
        "ok": 35382,
        "ko": 35329
    },
    "meanResponseTime": {
        "total": 14735,
        "ok": 17702,
        "ko": 3165
    },
    "standardDeviation": {
        "total": 9348,
        "ok": 7232,
        "ko": 7487
    },
    "percentiles1": {
        "total": 18822,
        "ok": 19382,
        "ko": 0
    },
    "percentiles2": {
        "total": 20814,
        "ok": 21282,
        "ko": 1
    },
    "percentiles3": {
        "total": 25728,
        "ok": 26660,
        "ko": 21019
    },
    "percentiles4": {
        "total": 33380,
        "ok": 33652,
        "ko": 26674
    },
    "group1": {
    "name": "t < 300 ms",
    "htmlName": "t < 300 ms",
    "count": 8075,
    "percentage": 1
},
    "group2": {
    "name": "300 ms <= t < 3000 ms",
    "htmlName": "t >= 300 ms <br> t < 3000 ms",
    "count": 25413,
    "percentage": 4
},
    "group3": {
    "name": "t >= 3000 ms",
    "htmlName": "t >= 3000 ms",
    "count": 447730,
    "percentage": 74
},
    "group4": {
    "name": "failed",
    "htmlName": "failed",
    "count": 123392,
    "percentage": 20
},
    "meanNumberOfRequestsPerSecond": {
        "total": 534.5800176834659,
        "ok": 425.48010610079575,
        "ko": 109.0999115826702
    }
}