{
    "name": "All Requests",
    "numberOfRequests": {
        "total": 489590,
        "ok": 358998,
        "ko": 130592
    },
    "minResponseTime": {
        "total": 0,
        "ok": 2,
        "ko": 0
    },
    "maxResponseTime": {
        "total": 47125,
        "ok": 47125,
        "ko": 47080
    },
    "meanResponseTime": {
        "total": 20043,
        "ok": 26025,
        "ko": 3597
    },
    "standardDeviation": {
        "total": 13248,
        "ok": 8331,
        "ko": 9919
    },
    "percentiles1": {
        "total": 25369,
        "ok": 26636,
        "ko": 0
    },
    "percentiles2": {
        "total": 28297,
        "ok": 30268,
        "ko": 1
    },
    "percentiles3": {
        "total": 37474,
        "ok": 37959,
        "ko": 29119
    },
    "percentiles4": {
        "total": 43707,
        "ok": 44163,
        "ko": 39583
    },
    "group1": {
    "name": "t < 300 ms",
    "htmlName": "t < 300 ms",
    "count": 2275,
    "percentage": 0
},
    "group2": {
    "name": "300 ms <= t < 3000 ms",
    "htmlName": "t >= 300 ms <br> t < 3000 ms",
    "count": 8995,
    "percentage": 2
},
    "group3": {
    "name": "t >= 3000 ms",
    "htmlName": "t >= 3000 ms",
    "count": 347728,
    "percentage": 71
},
    "group4": {
    "name": "failed",
    "htmlName": "failed",
    "count": 130592,
    "percentage": 27
},
    "meanNumberOfRequestsPerSecond": {
        "total": 416.6723404255319,
        "ok": 305.53021276595746,
        "ko": 111.14212765957447
    }
}