{
    "name": "All Requests",
    "numberOfRequests": {
        "total": 699180,
        "ok": 581761,
        "ko": 117419
    },
    "minResponseTime": {
        "total": 0,
        "ok": 1,
        "ko": 0
    },
    "maxResponseTime": {
        "total": 23845,
        "ok": 23845,
        "ko": 23236
    },
    "meanResponseTime": {
        "total": 12220,
        "ok": 14045,
        "ko": 3174
    },
    "standardDeviation": {
        "total": 6304,
        "ok": 4468,
        "ko": 6273
    },
    "percentiles1": {
        "total": 15069,
        "ok": 15268,
        "ko": 0
    },
    "percentiles2": {
        "total": 15944,
        "ok": 16091,
        "ko": 1
    },
    "percentiles3": {
        "total": 18955,
        "ok": 19078,
        "ko": 16383
    },
    "percentiles4": {
        "total": 21288,
        "ok": 21433,
        "ko": 19229
    },
    "group1": {
    "name": "t < 800 ms",
    "htmlName": "t < 800 ms",
    "count": 13807,
    "percentage": 2
},
    "group2": {
    "name": "800 ms <= t < 1200 ms",
    "htmlName": "t ≥ 800 ms <br> t < 1200 ms",
    "count": 5016,
    "percentage": 1
},
    "group3": {
    "name": "t ≥ 1200 ms",
    "htmlName": "t ≥ 1200 ms",
    "count": 562938,
    "percentage": 81
},
    "group4": {
    "name": "failed",
    "htmlName": "failed",
    "count": 117419,
    "percentage": 17
},
    "meanNumberOfRequestsPerSecond": {
        "total": 631.5989159891599,
        "ok": 525.5293586269196,
        "ko": 106.06955736224029
    }
}