{
    "name": "All Requests",
    "numberOfRequests": {
        "total": 570959,
        "ok": 445872,
        "ko": 125087
    },
    "minResponseTime": {
        "total": 0,
        "ok": 1,
        "ko": 0
    },
    "maxResponseTime": {
        "total": 36338,
        "ok": 36338,
        "ko": 36323
    },
    "meanResponseTime": {
        "total": 15984,
        "ok": 19561,
        "ko": 3237
    },
    "standardDeviation": {
        "total": 9537,
        "ok": 6406,
        "ko": 7794
    },
    "percentiles1": {
        "total": 20080,
        "ok": 20804,
        "ko": 0
    },
    "percentiles2": {
        "total": 22116,
        "ok": 22387,
        "ko": 1
    },
    "percentiles3": {
        "total": 25637,
        "ok": 27644,
        "ko": 22312
    },
    "percentiles4": {
        "total": 34768,
        "ok": 35173,
        "ko": 27578
    },
    "group1": {
    "name": "t < 800 ms",
    "htmlName": "t < 800 ms",
    "count": 9071,
    "percentage": 2
},
    "group2": {
    "name": "800 ms <= t < 1200 ms",
    "htmlName": "t ≥ 800 ms <br> t < 1200 ms",
    "count": 993,
    "percentage": 0
},
    "group3": {
    "name": "t ≥ 1200 ms",
    "htmlName": "t ≥ 1200 ms",
    "count": 435808,
    "percentage": 76
},
    "group4": {
    "name": "failed",
    "htmlName": "failed",
    "count": 125087,
    "percentage": 22
},
    "meanNumberOfRequestsPerSecond": {
        "total": 507.970640569395,
        "ok": 396.6832740213523,
        "ko": 111.2873665480427
    }
}