{
    "name": "All Requests",
    "numberOfRequests": {
        "total": 480736,
        "ok": 342782,
        "ko": 137954
    },
    "minResponseTime": {
        "total": 1,
        "ok": 2,
        "ko": 1
    },
    "maxResponseTime": {
        "total": 60224,
        "ok": 59819,
        "ko": 60224
    },
    "meanResponseTime": {
        "total": 15103,
        "ok": 18506,
        "ko": 6649
    },
    "standardDeviation": {
        "total": 11790,
        "ok": 8536,
        "ko": 14252
    },
    "percentiles1": {
        "total": 15592,
        "ok": 17505,
        "ko": 2003
    },
    "percentiles2": {
        "total": 21968,
        "ok": 23748,
        "ko": 2007
    },
    "percentiles3": {
        "total": 32175,
        "ok": 30843,
        "ko": 60000
    },
    "percentiles4": {
        "total": 60001,
        "ok": 41592,
        "ko": 60002
    },
    "group1": {
    "name": "t < 800 ms",
    "count": 12336,
    "percentage": 3
},
    "group2": {
    "name": "t ≥ 800 ms <br> t < 1200 ms",
    "count": 1421,
    "percentage": 0
},
    "group3": {
    "name": "t ≥ 1200 ms",
    "count": 329025,
    "percentage": 68
},
    "group4": {
    "name": "failed",
    "count": 137954,
    "percentage": 29
},
    "meanNumberOfRequestsPerSecond": {
        "total": 414.7851596203624,
        "ok": 295.7566867989646,
        "ko": 119.02847282139776
    }
}