{
    "name": "All Requests",
    "numberOfRequests": {
        "total": 488076,
        "ok": 357949,
        "ko": 130127
    },
    "minResponseTime": {
        "total": 0,
        "ok": 2,
        "ko": 0
    },
    "maxResponseTime": {
        "total": 57533,
        "ok": 57533,
        "ko": 57397
    },
    "meanResponseTime": {
        "total": 19664,
        "ok": 25578,
        "ko": 3398
    },
    "standardDeviation": {
        "total": 13906,
        "ok": 9928,
        "ko": 9668
    },
    "percentiles1": {
        "total": 23486,
        "ok": 24616,
        "ko": 0
    },
    "percentiles2": {
        "total": 27211,
        "ok": 28439,
        "ko": 1
    },
    "percentiles3": {
        "total": 41730,
        "ok": 43847,
        "ko": 27974
    },
    "percentiles4": {
        "total": 53793,
        "ok": 54450,
        "ko": 41261
    },
    "group1": {
    "name": "t < 300 ms",
    "htmlName": "t < 300 ms",
    "count": 2085,
    "percentage": 0
},
    "group2": {
    "name": "300 ms <= t < 3000 ms",
    "htmlName": "t >= 300 ms <br> t < 3000 ms",
    "count": 12546,
    "percentage": 3
},
    "group3": {
    "name": "t >= 3000 ms",
    "htmlName": "t >= 3000 ms",
    "count": 343318,
    "percentage": 70
},
    "group4": {
    "name": "failed",
    "htmlName": "failed",
    "count": 130127,
    "percentage": 27
},
    "meanNumberOfRequestsPerSecond": {
        "total": 425.8952879581152,
        "ok": 312.3464223385689,
        "ko": 113.54886561954625
    }
}