{
    "name": "All Requests",
    "numberOfRequests": {
        "total": 609675,
        "ok": 486400,
        "ko": 123275
    },
    "minResponseTime": {
        "total": 0,
        "ok": 1,
        "ko": 0
    },
    "maxResponseTime": {
        "total": 29037,
        "ok": 29037,
        "ko": 28832
    },
    "meanResponseTime": {
        "total": 14901,
        "ok": 17853,
        "ko": 3254
    },
    "standardDeviation": {
        "total": 8211,
        "ok": 5287,
        "ko": 7287
    },
    "percentiles1": {
        "total": 18049,
        "ok": 18602,
        "ko": 0
    },
    "percentiles2": {
        "total": 19908,
        "ok": 20259,
        "ko": 1
    },
    "percentiles3": {
        "total": 24206,
        "ok": 24636,
        "ko": 20434
    },
    "percentiles4": {
        "total": 27546,
        "ok": 27765,
        "ko": 24353
    },
    "group1": {
    "name": "t < 800 ms",
    "htmlName": "t < 800 ms",
    "count": 9588,
    "percentage": 2
},
    "group2": {
    "name": "800 ms <= t < 1200 ms",
    "htmlName": "t ≥ 800 ms <br> t < 1200 ms",
    "count": 3124,
    "percentage": 1
},
    "group3": {
    "name": "t ≥ 1200 ms",
    "htmlName": "t ≥ 1200 ms",
    "count": 473688,
    "percentage": 78
},
    "group4": {
    "name": "failed",
    "htmlName": "failed",
    "count": 123275,
    "percentage": 20
},
    "meanNumberOfRequestsPerSecond": {
        "total": 540.4920212765958,
        "ok": 431.20567375886526,
        "ko": 109.28634751773049
    }
}