{
    "name": "All Requests",
    "numberOfRequests": {
        "total": 1013549,
        "ok": 915094,
        "ko": 98455
    },
    "minResponseTime": {
        "total": 0,
        "ok": 1,
        "ko": 0
    },
    "maxResponseTime": {
        "total": 17984,
        "ok": 17984,
        "ko": 16815
    },
    "meanResponseTime": {
        "total": 6047,
        "ok": 6409,
        "ko": 2679
    },
    "standardDeviation": {
        "total": 4576,
        "ok": 4459,
        "ko": 4268
    },
    "percentiles1": {
        "total": 7781,
        "ok": 8025,
        "ko": 1
    },
    "percentiles2": {
        "total": 9510,
        "ok": 9629,
        "ko": 6772
    },
    "percentiles3": {
        "total": 12591,
        "ok": 12695,
        "ko": 11029
    },
    "percentiles4": {
        "total": 15141,
        "ok": 15183,
        "ko": 13904
    },
    "group1": {
    "name": "t < 800 ms",
    "htmlName": "t < 800 ms",
    "count": 167023,
    "percentage": 16
},
    "group2": {
    "name": "800 ms <= t < 1200 ms",
    "htmlName": "t ≥ 800 ms <br> t < 1200 ms",
    "count": 63729,
    "percentage": 6
},
    "group3": {
    "name": "t ≥ 1200 ms",
    "htmlName": "t ≥ 1200 ms",
    "count": 684342,
    "percentage": 68
},
    "group4": {
    "name": "failed",
    "htmlName": "failed",
    "count": 98455,
    "percentage": 10
},
    "meanNumberOfRequestsPerSecond": {
        "total": 934.1465437788019,
        "ok": 843.4046082949309,
        "ko": 90.74193548387096
    }
}