{
    "name": "All Requests",
    "numberOfRequests": {
        "total": 339333,
        "ok": 174323,
        "ko": 165010
    },
    "minResponseTime": {
        "total": 0,
        "ok": 2,
        "ko": 0
    },
    "maxResponseTime": {
        "total": 78622,
        "ok": 78622,
        "ko": 77846
    },
    "meanResponseTime": {
        "total": 21479,
        "ok": 28352,
        "ko": 14218
    },
    "standardDeviation": {
        "total": 16160,
        "ok": 14927,
        "ko": 14108
    },
    "percentiles1": {
        "total": 18251,
        "ok": 27165,
        "ko": 9861
    },
    "percentiles2": {
        "total": 34011,
        "ok": 37614,
        "ko": 19374
    },
    "percentiles3": {
        "total": 53506,
        "ok": 56016,
        "ko": 43556
    },
    "percentiles4": {
        "total": 62786,
        "ok": 64512,
        "ko": 60484
    },
    "group1": {
    "name": "t < 300 ms",
    "htmlName": "t < 300 ms",
    "count": 3500,
    "percentage": 1
},
    "group2": {
    "name": "300 ms <= t < 3000 ms",
    "htmlName": "t >= 300 ms <br> t < 3000 ms",
    "count": 3117,
    "percentage": 1
},
    "group3": {
    "name": "t >= 3000 ms",
    "htmlName": "t >= 3000 ms",
    "count": 167706,
    "percentage": 49
},
    "group4": {
    "name": "failed",
    "htmlName": "failed",
    "count": 165010,
    "percentage": 49
},
    "meanNumberOfRequestsPerSecond": {
        "total": 308.2043596730245,
        "ok": 158.33151680290644,
        "ko": 149.87284287011806
    }
}