{
    "name": "All Requests",
    "numberOfRequests": {
        "total": 691487,
        "ok": 573983,
        "ko": 117504
    },
    "minResponseTime": {
        "total": 0,
        "ok": 1,
        "ko": 0
    },
    "maxResponseTime": {
        "total": 20440,
        "ok": 20440,
        "ko": 20222
    },
    "meanResponseTime": {
        "total": 12552,
        "ok": 14462,
        "ko": 3223
    },
    "standardDeviation": {
        "total": 6232,
        "ok": 4130,
        "ko": 6355
    },
    "percentiles1": {
        "total": 15378,
        "ok": 15627,
        "ko": 0
    },
    "percentiles2": {
        "total": 16465,
        "ok": 16626,
        "ko": 1
    },
    "percentiles3": {
        "total": 17891,
        "ok": 17976,
        "ko": 16894
    },
    "percentiles4": {
        "total": 18760,
        "ok": 18837,
        "ko": 18086
    },
    "group1": {
    "name": "t < 800 ms",
    "htmlName": "t < 800 ms",
    "count": 9251,
    "percentage": 1
},
    "group2": {
    "name": "800 ms <= t < 1200 ms",
    "htmlName": "t ≥ 800 ms <br> t < 1200 ms",
    "count": 2727,
    "percentage": 0
},
    "group3": {
    "name": "t ≥ 1200 ms",
    "htmlName": "t ≥ 1200 ms",
    "count": 562005,
    "percentage": 81
},
    "group4": {
    "name": "failed",
    "htmlName": "failed",
    "count": 117504,
    "percentage": 17
},
    "meanNumberOfRequestsPerSecond": {
        "total": 615.7497773820124,
        "ok": 511.11576135351737,
        "ko": 104.6340160284951
    }
}