{
    "name": "All Requests",
    "numberOfRequests": {
        "total": 546371,
        "ok": 419297,
        "ko": 127074
    },
    "minResponseTime": {
        "total": 0,
        "ok": 1,
        "ko": 0
    },
    "maxResponseTime": {
        "total": 39009,
        "ok": 39009,
        "ko": 37550
    },
    "meanResponseTime": {
        "total": 17281,
        "ok": 21516,
        "ko": 3304
    },
    "standardDeviation": {
        "total": 10498,
        "ok": 6764,
        "ko": 8265
    },
    "percentiles1": {
        "total": 21345,
        "ok": 22388,
        "ko": 0
    },
    "percentiles2": {
        "total": 24020,
        "ok": 24852,
        "ko": 1
    },
    "percentiles3": {
        "total": 30156,
        "ok": 31153,
        "ko": 24445
    },
    "percentiles4": {
        "total": 35098,
        "ok": 35378,
        "ko": 29658
    },
    "group1": {
    "name": "t < 800 ms",
    "htmlName": "t < 800 ms",
    "count": 9666,
    "percentage": 2
},
    "group2": {
    "name": "800 ms <= t < 1200 ms",
    "htmlName": "t ≥ 800 ms <br> t < 1200 ms",
    "count": 874,
    "percentage": 0
},
    "group3": {
    "name": "t ≥ 1200 ms",
    "htmlName": "t ≥ 1200 ms",
    "count": 408757,
    "percentage": 75
},
    "group4": {
    "name": "failed",
    "htmlName": "failed",
    "count": 127074,
    "percentage": 23
},
    "meanNumberOfRequestsPerSecond": {
        "total": 473.45840554592723,
        "ok": 363.342287694974,
        "ko": 110.1161178509532
    }
}