{
    "name": "All Requests",
    "numberOfRequests": {
        "total": 371624,
        "ok": 206856,
        "ko": 164768
    },
    "minResponseTime": {
        "total": 0,
        "ok": 2,
        "ko": 0
    },
    "maxResponseTime": {
        "total": 75228,
        "ok": 71177,
        "ko": 75228
    },
    "meanResponseTime": {
        "total": 21143,
        "ok": 27687,
        "ko": 12927
    },
    "standardDeviation": {
        "total": 15530,
        "ok": 13051,
        "ko": 14453
    },
    "percentiles1": {
        "total": 19722,
        "ok": 27645,
        "ko": 7562
    },
    "percentiles2": {
        "total": 35810,
        "ok": 38770,
        "ko": 21398
    },
    "percentiles3": {
        "total": 46090,
        "ok": 47403,
        "ko": 41261
    },
    "percentiles4": {
        "total": 49264,
        "ok": 49578,
        "ko": 48414
    },
    "group1": {
    "name": "t < 300 ms",
    "htmlName": "t < 300 ms",
    "count": 2491,
    "percentage": 1
},
    "group2": {
    "name": "300 ms <= t < 3000 ms",
    "htmlName": "t >= 300 ms <br> t < 3000 ms",
    "count": 3637,
    "percentage": 1
},
    "group3": {
    "name": "t >= 3000 ms",
    "htmlName": "t >= 3000 ms",
    "count": 200728,
    "percentage": 54
},
    "group4": {
    "name": "failed",
    "htmlName": "failed",
    "count": 164768,
    "percentage": 44
},
    "meanNumberOfRequestsPerSecond": {
        "total": 338.4553734061931,
        "ok": 188.39344262295083,
        "ko": 150.06193078324225
    }
}